{
  "metadata": {
    "host": "go",
    "guest": "java",
    "mechanism": "jni",
    "timestamp": "2026-02-13T07:04:57Z",
    "environment": {
      "os": "windows",
      "arch": "amd64",
      "go_version": "go1.24.4"
    },
    "config": {
      "warmup_iterations": 1,
      "measured_iterations": 20,
      "batch_min_elapsed_ns": 10000,
      "batch_max_calls": 100000,
      "timer_overhead_ns": 0
    }
  },
  "correctness": null,
  "initialization": {
    "jvm_init_ns": 21855700,
    "class_load_ns": 24632600
  },
  "benchmarks": [
    {
      "scenario": "void_call",
      "data_size": null,
      "status": "PASS",
      "raw_iterations_ns": [
        569,
        90,
        88,
        89,
        88,
        86,
        86,
        86,
        86,
        87,
        88,
        88,
        87,
        86,
        86,
        87,
        86,
        86,
        86,
        87
      ],
      "phases": {
        "total": {
          "mean_ns": 87,
          "median_ns": 87,
          "p95_ns": 90,
          "p99_ns": 90,
          "stddev_ns": 1.1697953037312037,
          "ci95_ns": [
            86.4739958817557,
            87.5260041182443
          ]
        }
      }
    },
    {
      "scenario": "primitive_echo",
      "data_size": null,
      "status": "PASS",
      "raw_iterations_ns": [
        1087,
        173,
        147,
        143,
        142,
        145,
        141,
        141,
        147,
        141,
        139,
        139,
        138,
        142,
        140,
        148,
        148,
        153,
        155,
        156
      ],
      "phases": {
        "total": {
          "mean_ns": 144.72222222222223,
          "median_ns": 142.5,
          "p95_ns": 156,
          "p99_ns": 156,
          "stddev_ns": 5.403759550900708,
          "ci95_ns": [
            142.22581267429118,
            147.21863177015328
          ]
        }
      }
    },
    {
      "scenario": "string_echo",
      "data_size": null,
      "status": "PASS",
      "raw_iterations_ns": [
        9560,
        3197,
        2847,
        2317,
        1168,
        981,
        928,
        967,
        1202,
        1258,
        1286,
        1167,
        937,
        984,
        817,
        778,
        825,
        838,
        803,
        787
      ],
      "phases": {
        "total": {
          "mean_ns": 982.875,
          "median_ns": 952,
          "p95_ns": 1286,
          "p99_ns": 1286,
          "stddev_ns": 172.3484388528077,
          "ci95_ns": [
            898.4242649621242,
            1067.3257350378758
          ]
        }
      }
    },
    {
      "scenario": "array_sum",
      "data_size": 10,
      "status": "PASS",
      "raw_iterations_ns": [
        742,
        484,
        468,
        466,
        451,
        447,
        448,
        428,
        431,
        431,
        441,
        439,
        440,
        455,
        457,
        471,
        481,
        488,
        506,
        472
      ],
      "phases": {
        "total": {
          "mean_ns": 458.10526315789474,
          "median_ns": 455,
          "p95_ns": 506,
          "p99_ns": 506,
          "stddev_ns": 21.212942268049243,
          "ci95_ns": [
            448.5667610306571,
            467.64376528513236
          ]
        }
      }
    },
    {
      "scenario": "array_sum",
      "data_size": 100,
      "status": "PASS",
      "raw_iterations_ns": [
        1439,
        789,
        774,
        720,
        619,
        596,
        605,
        634,
        607,
        603,
        604,
        624,
        628,
        649,
        656,
        2949,
        1153,
        603,
        617,
        671
      ],
      "phases": {
        "total": {
          "mean_ns": 647,
          "median_ns": 624,
          "p95_ns": 789,
          "p99_ns": 789,
          "stddev_ns": 57.758116312774604,
          "ci95_ns": [
            619.5435343519536,
            674.4564656480464
          ]
        }
      }
    },
    {
      "scenario": "array_sum",
      "data_size": 1000,
      "status": "PASS",
      "raw_iterations_ns": [
        4096,
        2263,
        2228,
        1977,
        1673,
        1635,
        1653,
        1611,
        1578,
        1619,
        1597,
        1940,
        2024,
        1976,
        1943,
        1914,
        1954,
        1907,
        1907,
        14415
      ],
      "phases": {
        "total": {
          "mean_ns": 1855.5,
          "median_ns": 1910.5,
          "p95_ns": 2263,
          "p99_ns": 2263,
          "stddev_ns": 207.92446545159936,
          "ci95_ns": [
            1759.4437976629963,
            1951.5562023370037
          ]
        }
      }
    },
    {
      "scenario": "array_sum",
      "data_size": 10000,
      "status": "PASS",
      "raw_iterations_ns": [
        33300,
        11590,
        11315,
        11624,
        11742,
        11363,
        11656,
        11618,
        11398,
        11634,
        11626,
        11424,
        11376,
        15287,
        16734,
        15236,
        11327,
        11502,
        11688,
        11324
      ],
      "phases": {
        "total": {
          "mean_ns": 11512.9375,
          "median_ns": 11546,
          "p95_ns": 11742,
          "p99_ns": 11742,
          "stddev_ns": 144.1043323212387,
          "ci95_ns": [
            11442.326377162593,
            11583.548622837407
          ]
        }
      }
    },
    {
      "scenario": "object_method",
      "data_size": null,
      "status": "PASS",
      "raw_iterations_ns": [
        9383,
        1346,
        1198,
        1217,
        955,
        739,
        712,
        695,
        671,
        705,
        707,
        672,
        663,
        670,
        660,
        1452,
        2119,
        635,
        628,
        643
      ],
      "phases": {
        "total": {
          "mean_ns": 831.5555555555555,
          "median_ns": 700,
          "p95_ns": 1452,
          "p99_ns": 1452,
          "stddev_ns": 265.7829570286883,
          "ci95_ns": [
            708.7700938128739,
            954.3410172982371
          ]
        }
      }
    },
    {
      "scenario": "callback",
      "data_size": null,
      "status": "PASS",
      "raw_iterations_ns": [
        287,
        142,
        137,
        139,
        138,
        138,
        139,
        137,
        135,
        140,
        137,
        136,
        138,
        137,
        127,
        184,
        131,
        145,
        137,
        132
      ],
      "phases": {
        "total": {
          "mean_ns": 137.85714285714286,
          "median_ns": 137.5,
          "p95_ns": 142,
          "p99_ns": 142,
          "stddev_ns": 1.6842608746502281,
          "ci95_ns": [
            136.97487305713835,
            138.73941265714737
          ]
        }
      }
    },
    {
      "scenario": "error_propagation",
      "data_size": null,
      "status": "PASS",
      "raw_iterations_ns": [
        1579,
        599,
        537,
        609,
        579,
        645,
        602,
        571,
        585,
        586,
        531,
        539,
        540,
        532,
        531,
        529,
        575,
        533,
        534,
        539
      ],
      "phases": {
        "total": {
          "mean_ns": 562.9473684210526,
          "median_ns": 540,
          "p95_ns": 645,
          "p99_ns": 645,
          "stddev_ns": 33.55823482625002,
          "ci95_ns": [
            547.8577457637256,
            578.0369910783796
          ]
        }
      }
    }
  ]
}