{
  "metadata": {
    "host": "go",
    "guest": "python3",
    "mechanism": "grpc",
    "timestamp": "2026-02-13T07:09:32Z",
    "environment": {
      "os": "windows",
      "arch": "amd64",
      "go_version": "go1.24.4"
    },
    "config": {
      "warmup_iterations": 1,
      "measured_iterations": 10,
      "batch_min_elapsed_ns": 10000,
      "batch_max_calls": 100000,
      "timer_overhead_ns": 0
    }
  },
  "correctness": null,
  "initialization": {
    "server_start_ns": 181205500,
    "connect_ns": 69829100
  },
  "benchmarks": [
    {
      "scenario": "void_call",
      "data_size": null,
      "status": "PASS",
      "raw_iterations_ns": [
        529500,
        522200,
        296800,
        567000,
        268850,
        277800,
        259250,
        517100,
        355100,
        285500
      ],
      "phases": {
        "total": {
          "mean_ns": 387910,
          "median_ns": 325950,
          "p95_ns": 567000,
          "p99_ns": 567000,
          "stddev_ns": 122295.97049780504,
          "ci95_ns": [
            312110.17217497126,
            463709.82782502874
          ]
        }
      }
    },
    {
      "scenario": "primitive_echo",
      "data_size": null,
      "status": "PASS",
      "raw_iterations_ns": [
        733900,
        346700,
        372150,
        517000,
        512900,
        266050,
        394200,
        333100,
        516000,
        346150
      ],
      "phases": {
        "total": {
          "mean_ns": 433815,
          "median_ns": 383175,
          "p95_ns": 733900,
          "p99_ns": 733900,
          "stddev_ns": 129967.02091299932,
          "ci95_ns": [
            353260.6058688044,
            514369.3941311956
          ]
        }
      }
    },
    {
      "scenario": "string_echo",
      "data_size": null,
      "status": "PASS",
      "raw_iterations_ns": [
        717900,
        514700,
        346500,
        321550,
        516700,
        288850,
        270300,
        293100,
        308500,
        259700
      ],
      "phases": {
        "total": {
          "mean_ns": 383780,
          "median_ns": 315025,
          "p95_ns": 717900,
          "p99_ns": 717900,
          "stddev_ns": 142436.4844413116,
          "ci95_ns": [
            295496.95230263064,
            472063.04769736936
          ]
        }
      }
    },
    {
      "scenario": "array_sum",
      "data_size": 10,
      "status": "PASS",
      "raw_iterations_ns": [
        569200,
        353650,
        366550,
        325200,
        297200,
        353800,
        257800,
        702200,
        320000,
        399900
      ],
      "phases": {
        "total": {
          "mean_ns": 334262.5,
          "median_ns": 339425,
          "p95_ns": 399900,
          "p99_ns": 399900,
          "stddev_ns": 41252.338948840224,
          "ci95_ns": [
            305676.0875616798,
            362848.9124383202
          ]
        }
      }
    },
    {
      "scenario": "array_sum",
      "data_size": 100,
      "status": "PASS",
      "raw_iterations_ns": [
        260550,
        278150,
        519100,
        264300,
        536300,
        267850,
        262700,
        348450,
        296850,
        8922500
      ],
      "phases": {
        "total": {
          "mean_ns": 337138.8888888889,
          "median_ns": 278150,
          "p95_ns": 536300,
          "p99_ns": 536300,
          "stddev_ns": 105155.58784164058,
          "ci95_ns": [
            268437.2381656837,
            405840.53961209406
          ]
        }
      }
    },
    {
      "scenario": "array_sum",
      "data_size": 1000,
      "status": "PASS",
      "raw_iterations_ns": [
        567400,
        269650,
        520500,
        342850,
        339150,
        509000,
        273550,
        349050,
        375600,
        504700
      ],
      "phases": {
        "total": {
          "mean_ns": 405145,
          "median_ns": 362325,
          "p95_ns": 567400,
          "p99_ns": 567400,
          "stddev_ns": 104049.13370614866,
          "ci95_ns": [
            340654.67878854997,
            469635.32121145003
          ]
        }
      }
    },
    {
      "scenario": "array_sum",
      "data_size": 10000,
      "status": "PASS",
      "raw_iterations_ns": [
        617900,
        1037300,
        1046400,
        516800,
        558700,
        1036400,
        517500,
        1039200,
        1101000,
        709300
      ],
      "phases": {
        "total": {
          "mean_ns": 818050,
          "median_ns": 872850,
          "p95_ns": 1101000,
          "p99_ns": 1101000,
          "stddev_ns": 240226.95623097755,
          "ci95_ns": [
            669155.7899363444,
            966944.2100636556
          ]
        }
      }
    },
    {
      "scenario": "object_method",
      "data_size": null,
      "status": "PASS",
      "raw_iterations_ns": [
        281800,
        523100,
        521700,
        260600,
        547000,
        519300,
        519300,
        261000,
        531500,
        258000
      ],
      "phases": {
        "total": {
          "mean_ns": 422330,
          "median_ns": 519300,
          "p95_ns": 547000,
          "p99_ns": 547000,
          "stddev_ns": 128543.00486607585,
          "ci95_ns": [
            342658.22015885427,
            502001.77984114573
          ]
        }
      }
    },
    {
      "scenario": "callback",
      "data_size": null,
      "status": "PASS",
      "raw_iterations_ns": [
        523300,
        24595600,
        504700,
        996300,
        553100,
        572700,
        272000,
        1047900,
        289950,
        518900
      ],
      "phases": {
        "total": {
          "mean_ns": 586538.8888888889,
          "median_ns": 523300,
          "p95_ns": 1047900,
          "p99_ns": 1047900,
          "stddev_ns": 254785.17724390852,
          "ci95_ns": [
            420079.239756202,
            752998.5380215758
          ]
        }
      }
    },
    {
      "scenario": "error_propagation",
      "data_size": null,
      "status": "PASS",
      "raw_iterations_ns": [
        263400,
        197433,
        217133,
        254450,
        210100,
        207367,
        198867,
        307300,
        189700,
        202667
      ],
      "phases": {
        "total": {
          "mean_ns": 224841.7,
          "median_ns": 208733.5,
          "p95_ns": 307300,
          "p99_ns": 307300,
          "stddev_ns": 35913.020418923275,
          "ci95_ns": [
            202582.57933273335,
            247100.82066726667
          ]
        }
      }
    }
  ]
}