{
  "metadata": {
    "host": "go",
    "guest": "python3",
    "mechanism": "grpc",
    "timestamp": "2026-02-13T07:09:36Z",
    "environment": {
      "os": "windows",
      "arch": "amd64",
      "go_version": "go1.24.4"
    },
    "config": {
      "warmup_iterations": 1,
      "measured_iterations": 10,
      "batch_min_elapsed_ns": 10000,
      "batch_max_calls": 100000,
      "timer_overhead_ns": 0,
      "repeat_count": 1,
      "aggregation_method": "pooled_iterations",
      "run_id": "20260213_090921__fast_test_config",
      "run_config_name": "fast_test_config"
    }
  },
  "correctness": null,
  "initialization": {
    "server_start_ns": 181205500,
    "connect_ns": 69829100
  },
  "benchmarks": [
    {
      "scenario": "array_sum",
      "data_size": 10,
      "status": "PASS",
      "raw_iterations_ns": [
        569200.0,
        353650.0,
        366550.0,
        325200.0,
        297200.0,
        353800.0,
        257800.0,
        702200.0,
        320000.0,
        399900.0
      ],
      "phases": {
        "total": {
          "mean_ns": 334262.5,
          "median_ns": 339425.0,
          "p95_ns": 399900.0,
          "p99_ns": 399900.0,
          "stddev_ns": 41252.338948840224,
          "ci95_ns": [
            305676.0875616798,
            362848.9124383202
          ]
        }
      },
      "repeat_analysis": {
        "repeat_count": 1,
        "repeat_means_ns": [
          334262.5
        ],
        "global_mean_ns": 334262.5,
        "pooled_sample_count": 10,
        "aggregation_method": "pooled_iterations"
      }
    },
    {
      "scenario": "array_sum",
      "data_size": 100,
      "status": "PASS",
      "raw_iterations_ns": [
        260550.0,
        278150.0,
        519100.0,
        264300.0,
        536300.0,
        267850.0,
        262700.0,
        348450.0,
        296850.0,
        8922500.0
      ],
      "phases": {
        "total": {
          "mean_ns": 337138.8888888889,
          "median_ns": 278150.0,
          "p95_ns": 536300.0,
          "p99_ns": 536300.0,
          "stddev_ns": 105155.58784164058,
          "ci95_ns": [
            268437.2381656837,
            405840.53961209406
          ]
        }
      },
      "repeat_analysis": {
        "repeat_count": 1,
        "repeat_means_ns": [
          337138.8888888889
        ],
        "global_mean_ns": 337138.8888888889,
        "pooled_sample_count": 10,
        "aggregation_method": "pooled_iterations"
      }
    },
    {
      "scenario": "array_sum",
      "data_size": 1000,
      "status": "PASS",
      "raw_iterations_ns": [
        567400.0,
        269650.0,
        520500.0,
        342850.0,
        339150.0,
        509000.0,
        273550.0,
        349050.0,
        375600.0,
        504700.0
      ],
      "phases": {
        "total": {
          "mean_ns": 405145.0,
          "median_ns": 362325.0,
          "p95_ns": 567400.0,
          "p99_ns": 567400.0,
          "stddev_ns": 104049.13370614866,
          "ci95_ns": [
            340654.67878854997,
            469635.32121145003
          ]
        }
      },
      "repeat_analysis": {
        "repeat_count": 1,
        "repeat_means_ns": [
          405145.0
        ],
        "global_mean_ns": 405145.0,
        "pooled_sample_count": 10,
        "aggregation_method": "pooled_iterations"
      }
    },
    {
      "scenario": "array_sum",
      "data_size": 10000,
      "status": "PASS",
      "raw_iterations_ns": [
        617900.0,
        1037300.0,
        1046400.0,
        516800.0,
        558700.0,
        1036400.0,
        517500.0,
        1039200.0,
        1101000.0,
        709300.0
      ],
      "phases": {
        "total": {
          "mean_ns": 818050.0,
          "median_ns": 872850.0,
          "p95_ns": 1101000.0,
          "p99_ns": 1101000.0,
          "stddev_ns": 240226.95623097755,
          "ci95_ns": [
            669155.7899363444,
            966944.2100636556
          ]
        }
      },
      "repeat_analysis": {
        "repeat_count": 1,
        "repeat_means_ns": [
          818050.0
        ],
        "global_mean_ns": 818050.0,
        "pooled_sample_count": 10,
        "aggregation_method": "pooled_iterations"
      }
    },
    {
      "scenario": "callback",
      "data_size": null,
      "status": "PASS",
      "raw_iterations_ns": [
        523300.0,
        24595600.0,
        504700.0,
        996300.0,
        553100.0,
        572700.0,
        272000.0,
        1047900.0,
        289950.0,
        518900.0
      ],
      "phases": {
        "total": {
          "mean_ns": 586538.8888888889,
          "median_ns": 523300.0,
          "p95_ns": 1047900.0,
          "p99_ns": 1047900.0,
          "stddev_ns": 254785.17724390852,
          "ci95_ns": [
            420079.239756202,
            752998.5380215758
          ]
        }
      },
      "repeat_analysis": {
        "repeat_count": 1,
        "repeat_means_ns": [
          586538.8888888889
        ],
        "global_mean_ns": 586538.8888888889,
        "pooled_sample_count": 10,
        "aggregation_method": "pooled_iterations"
      }
    },
    {
      "scenario": "error_propagation",
      "data_size": null,
      "status": "PASS",
      "raw_iterations_ns": [
        263400.0,
        197433.0,
        217133.0,
        254450.0,
        210100.0,
        207367.0,
        198867.0,
        307300.0,
        189700.0,
        202667.0
      ],
      "phases": {
        "total": {
          "mean_ns": 224841.7,
          "median_ns": 208733.5,
          "p95_ns": 307300.0,
          "p99_ns": 307300.0,
          "stddev_ns": 35913.020418923275,
          "ci95_ns": [
            202582.57933273335,
            247100.82066726667
          ]
        }
      },
      "repeat_analysis": {
        "repeat_count": 1,
        "repeat_means_ns": [
          224841.7
        ],
        "global_mean_ns": 224841.7,
        "pooled_sample_count": 10,
        "aggregation_method": "pooled_iterations"
      }
    },
    {
      "scenario": "object_method",
      "data_size": null,
      "status": "PASS",
      "raw_iterations_ns": [
        281800.0,
        523100.0,
        521700.0,
        260600.0,
        547000.0,
        519300.0,
        519300.0,
        261000.0,
        531500.0,
        258000.0
      ],
      "phases": {
        "total": {
          "mean_ns": 422330.0,
          "median_ns": 519300.0,
          "p95_ns": 547000.0,
          "p99_ns": 547000.0,
          "stddev_ns": 128543.00486607585,
          "ci95_ns": [
            342658.22015885427,
            502001.77984114573
          ]
        }
      },
      "repeat_analysis": {
        "repeat_count": 1,
        "repeat_means_ns": [
          422330.0
        ],
        "global_mean_ns": 422330.0,
        "pooled_sample_count": 10,
        "aggregation_method": "pooled_iterations"
      }
    },
    {
      "scenario": "primitive_echo",
      "data_size": null,
      "status": "PASS",
      "raw_iterations_ns": [
        733900.0,
        346700.0,
        372150.0,
        517000.0,
        512900.0,
        266050.0,
        394200.0,
        333100.0,
        516000.0,
        346150.0
      ],
      "phases": {
        "total": {
          "mean_ns": 433815.0,
          "median_ns": 383175.0,
          "p95_ns": 733900.0,
          "p99_ns": 733900.0,
          "stddev_ns": 129967.02091299932,
          "ci95_ns": [
            353260.6058688044,
            514369.3941311956
          ]
        }
      },
      "repeat_analysis": {
        "repeat_count": 1,
        "repeat_means_ns": [
          433815.0
        ],
        "global_mean_ns": 433815.0,
        "pooled_sample_count": 10,
        "aggregation_method": "pooled_iterations"
      }
    },
    {
      "scenario": "string_echo",
      "data_size": null,
      "status": "PASS",