{
  "metadata": {
    "host": "go",
    "guest": "java",
    "mechanism": "jni",
    "timestamp": "2026-02-13T07:04:58Z",
    "environment": {
      "os": "windows",
      "arch": "amd64",
      "go_version": "go1.24.4"
    },
    "config": {
      "warmup_iterations": 1,
      "measured_iterations": 20,
      "batch_min_elapsed_ns": 10000,
      "batch_max_calls": 100000,
      "timer_overhead_ns": 0,
      "repeat_count": 1,
      "aggregation_method": "pooled_iterations",
      "run_id": "20260213_090454"
    }
  },
  "correctness": null,
  "initialization": {
    "jvm_init_ns": 21855700,
    "class_load_ns": 24632600
  },
  "benchmarks": [
    {
      "scenario": "array_sum",
      "data_size": 10,
      "status": "PASS",
      "raw_iterations_ns": [
        742.0,
        484.0,
        468.0,
        466.0,
        451.0,
        447.0,
        448.0,
        428.0,
        431.0,
        431.0,
        441.0,
        439.0,
        440.0,
        455.0,
        457.0,
        471.0,
        481.0,
        488.0,
        506.0,
        472.0
      ],
      "phases": {
        "total": {
          "mean_ns": 458.10526315789474,
          "median_ns": 455.0,
          "p95_ns": 506.0,
          "p99_ns": 506.0,
          "stddev_ns": 21.21294226804924,
          "ci95_ns": [
            448.5667610306571,
            467.64376528513236
          ]
        }
      },
      "repeat_analysis": {
        "repeat_count": 1,
        "repeat_means_ns": [
          458.10526315789474
        ],
        "global_mean_ns": 458.10526315789474,
        "pooled_sample_count": 20,
        "aggregation_method": "pooled_iterations"
      }
    },
    {
      "scenario": "array_sum",
      "data_size": 100,
      "status": "PASS",
      "raw_iterations_ns": [
        1439.0,
        789.0,
        774.0,
        720.0,
        619.0,
        596.0,
        605.0,
        634.0,
        607.0,
        603.0,
        604.0,
        624.0,
        628.0,
        649.0,
        656.0,
        2949.0,
        1153.0,
        603.0,
        617.0,
        671.0
      ],
      "phases": {
        "total": {
          "mean_ns": 647.0,
          "median_ns": 624.0,
          "p95_ns": 789.0,
          "p99_ns": 789.0,
          "stddev_ns": 57.758116312774604,
          "ci95_ns": [
            619.5435343519536,
            674.4564656480464
          ]
        }
      },
      "repeat_analysis": {
        "repeat_count": 1,
        "repeat_means_ns": [
          647.0
        ],
        "global_mean_ns": 647.0,
        "pooled_sample_count": 20,
        "aggregation_method": "pooled_iterations"
      }
    },
    {
      "scenario": "array_sum",
      "data_size": 1000,
      "status": "PASS",
      "raw_iterations_ns": [
        4096.0,
        2263.0,
        2228.0,
        1977.0,
        1673.0,
        1635.0,
        1653.0,
        1611.0,
        1578.0,
        1619.0,
        1597.0,
        1940.0,
        2024.0,
        1976.0,
        1943.0,
        1914.0,
        1954.0,
        1907.0,
        1907.0,
        14415.0
      ],
      "phases": {
        "total": {
          "mean_ns": 1855.5,
          "median_ns": 1910.5,
          "p95_ns": 2263.0,
          "p99_ns": 2263.0,
          "stddev_ns": 207.92446545159936,
          "ci95_ns": [
            1759.4437976629963,
            1951.5562023370037
          ]
        }
      },
      "repeat_analysis": {
        "repeat_count": 1,
        "repeat_means_ns": [
          1855.5
        ],
        "global_mean_ns": 1855.5,
        "pooled_sample_count": 20,
        "aggregation_method": "pooled_iterations"
      }
    },
    {
      "scenario": "array_sum",
      "data_size": 10000,
      "status": "PASS",
      "raw_iterations_ns": [
        33300.0,
        11590.0,
        11315.0,
        11624.0,
        11742.0,
        11363.0,
        11656.0,
        11618.0,
        11398.0,
        11634.0,
        11626.0,
        11424.0,
        11376.0,
        15287.0,
        16734.0,
        15236.0,
        11327.0,
        11502.0,
        11688.0,
        11324.0
      ],
      "phases": {
        "total": {
          "mean_ns": 11512.9375,
          "median_ns": 11546.0,
          "p95_ns": 11742.0,
          "p99_ns": 11742.0,
          "stddev_ns": 144.1043323212387,
          "ci95_ns": [
            11442.326377162593,
            11583.548622837407
          ]
        }
      },
      "repeat_analysis": {
        "repeat_count": 1,
        "repeat_means_ns": [
          11512.9375
        ],
        "global_mean_ns": 11512.9375,
        "pooled_sample_count": 20,
        "aggregation_method": "pooled_iterations"
      }
    },
    {
      "scenario": "callback",
      "data_size": null,
      "status": "PASS",
      "raw_iterations_ns": [
        287.0,
        142.0,
        137.0,
        139.0,
        138.0,
        138.0,
        139.0,
        137.0,
        135.0,
        140.0,
        137.0,
        136.0,
        138.0,
        137.0,
        127.0,
        184.0,
        131.0,
        145.0,
        137.0,
        132.0
      ],
      "phases": {
        "total": {
          "mean_ns": 137.85714285714286,
          "median_ns": 137.5,
          "p95_ns": 142.0,
          "p99_ns": 142.0,
          "stddev_ns": 1.6842608746502281,
          "ci95_ns": [
            136.97487305713835,
            138.73941265714737
          ]
        }
      },
      "repeat_analysis": {
        "repeat_count": 1,
        "repeat_means_ns": [
          137.85714285714286
        ],
        "global_mean_ns": 137.85714285714286,
        "pooled_sample_count": 20,
        "aggregation_method": "pooled_iterations"
      }
    },
    {
      "scenario": "error_propagation",
      "data_size": null,
      "status": "PASS",
      "raw_iterations_ns": [
        1579.0,
        599.0,
        537.0,
        609.0,
        579.0,
        645.0,
        602.0,
        571.0,
        585.0,
        586.0,
        531.0,
        539.0,
        540.0,
        532.0,
        531.0,
        529.0,
        575.0,
        533.0,
        534.0,
        539.0
      ],
      "phases": {
        "total": {
          "mean_ns": 562.9473684210526,
          "median_ns": 540.0,
          "p95_ns": 645.0,
          "p99_ns": 645.0,
          "stddev_ns": 33.55823482625002,
          "ci95_ns": [
            547.8577457637256,
            578.0369910783796
          ]
        }
      },
      "repeat_analysis": {
        "repeat_count": 1,
        "repeat_means_ns": [
          562.9473684210526
        ],
        "global_mean_ns": 562.9473684210526,
        "pooled_sample_count": 20,
        "aggregation_method": "pooled_iterations"
      }
    },
    {
      "scenario": "object_method",
      "data_size": null,
      "status": "PASS",
      "raw_iterations_ns": [
        9383.0,
        1346.0,
        1198.0,
        1217.0,
        955.0,
        739.0,
        712.0,
        695.0,
        671.0,
        705.0,
        707.0,
        672.0,
        663.0,
        670.0,
        660.0,
        1452.0,
        2119.0,
        635.0,
        628.0,
        643.0
      ],
      "phases": {
        "total": {
          "mean_ns": 831.5555555555555,
          "median_ns": 700.0,
          "p95_ns": 1452.0,
          "p99_ns": 1452.0,
          "stddev_ns": 265.7829570286883,
          "ci95_ns": [
            708.7700938128739,
            954.3410172982371
          ]
        }
      },
      "repeat_analysis": {
        "repeat_count": 1,
        "repeat_means_ns": [
          831.5555555555555
        ],
        "global_mean_ns": 831.5555555555555,
        "pooled_sample_count": 20,
        "aggregation_method": "pooled_iterations"
      }
    },
    {
      "scenario": "primitive_echo",
      "data_size": null,
      "status": "PASS",