{
  "metadata": {
    "host": "python3",
    "guest": "java",
    "mechanism": "metaffi",
    "timestamp": "2026-02-13T07:09:36Z",
    "environment": {
      "os": "windows",
      "arch": "AMD64",
      "python_version": "3.12.5"
    },
    "config": {
      "warmup_iterations": 1,
      "measured_iterations": 10,
      "timer_overhead_ns": 0,
      "repeat_count": 1,
      "batch_min_elapsed_ns": 10000,
      "batch_max_calls": 100000,
      "aggregation_method": "pooled_iterations",
      "run_id": "20260213_090921__fast_test_config",
      "run_config_name": "fast_test_config"
    }
  },
  "initialization": {
    "load_runtime_plugin_ns": 42805600,
    "load_module_ns": 9000
  },
  "correctness": null,
  "benchmarks": [
    {
      "scenario": "array_sum",
      "data_size": 10,
      "status": "PASS",
      "raw_iterations_ns": [
        98700.0,
        61300.0,
        72400.0,
        1746800.0,
        88900.0,
        58700.0,
        53100.0,
        51500.0,
        54200.0,
        50900.0
      ],
      "phases": {
        "total": {
          "mean_ns": 65522.22222222222,
          "median_ns": 58700.0,
          "p95_ns": 98700.0,
          "p99_ns": 98700.0,
          "stddev_ns": 16505.539661161427,
          "ci95_ns": [
            54738.60297693009,
            76305.84146751434
          ]
        }
      },
      "repeat_analysis": {
        "repeat_count": 1,
        "repeat_means_ns": [
          65522.22222222222
        ],
        "global_mean_ns": 65522.22222222222,
        "pooled_sample_count": 10,
        "aggregation_method": "pooled_iterations"
      }
    },
    {
      "scenario": "array_sum",
      "data_size": 100,
      "status": "PASS",
      "raw_iterations_ns": [
        125700.0,
        110800.0,
        107700.0,
        110200.0,
        107200.0,
        110100.0,
        110200.0,
        112000.0,
        108800.0,
        104900.0
      ],
      "phases": {
        "total": {
          "mean_ns": 109100.0,
          "median_ns": 110100.0,
          "p95_ns": 112000.0,
          "p99_ns": 112000.0,
          "stddev_ns": 2055.3453345957328,
          "ci95_ns": [
            107757.17438139746,
            110442.82561860254
          ]
        }
      },
      "repeat_analysis": {
        "repeat_count": 1,
        "repeat_means_ns": [
          109100.0
        ],
        "global_mean_ns": 109100.0,
        "pooled_sample_count": 10,
        "aggregation_method": "pooled_iterations"
      }
    },
    {
      "scenario": "array_sum",
      "data_size": 1000,
      "status": "PASS",
      "raw_iterations_ns": [
        708900.0,
        704200.0,
        729500.0,
        691500.0,
        700600.0,
        664600.0,
        643700.0,
        649900.0,
        676800.0,
        685400.0
      ],
      "phases": {
        "total": {
          "mean_ns": 685510.0,
          "median_ns": 688450.0,
          "p95_ns": 729500.0,
          "p99_ns": 729500.0,
          "stddev_ns": 25737.849560520786,
          "ci95_ns": [
            669557.5155695422,
            701462.4844304578
          ]
        }
      },
      "repeat_analysis": {
        "repeat_count": 1,
        "repeat_means_ns": [
          685510.0
        ],
        "global_mean_ns": 685510.0,
        "pooled_sample_count": 10,
        "aggregation_method": "pooled_iterations"
      }
    },
    {
      "scenario": "array_sum",
      "data_size": 10000,
      "status": "PASS",
      "raw_iterations_ns": [
        7400800.0,
        8683900.0,
        7652900.0,
        8128000.0,
        7937900.0,
        7695100.0,
        7474100.0,
        7627800.0,
        7527000.0,
        7909200.0
      ],
      "phases": {
        "total": {
          "mean_ns": 7705866.666666667,
          "median_ns": 7652900.0,
          "p95_ns": 8128000.0,
          "p99_ns": 8128000.0,
          "stddev_ns": 226365.2407553382,
          "ci95_ns": [
            7557974.70937318,
            7853758.623960154
          ]
        }
      },
      "repeat_analysis": {
        "repeat_count": 1,
        "repeat_means_ns": [
          7705866.666666667
        ],
        "global_mean_ns": 7705866.666666667,
        "pooled_sample_count": 10,
        "aggregation_method": "pooled_iterations"
      }
    },
    {
      "scenario": "callback",
      "data_size": null,
      "status": "PASS",
      "raw_iterations_ns": [
        156200.0,
        78600.0,
        85200.0,
        64100.0,
        76200.0,
        73400.0,
        63800.0,
        58600.0,
        64800.0,
        59900.0
      ],
      "phases": {
        "total": {
          "mean_ns": 69400.0,
          "median_ns": 64800.0,
          "p95_ns": 85200.0,
          "p99_ns": 85200.0,
          "stddev_ns": 8717.925339335168,
          "ci95_ns": [
            63704.28877830102,
            75095.71122169898
          ]
        }
      },
      "repeat_analysis": {
        "repeat_count": 1,
        "repeat_means_ns": [
          69400.0
        ],
        "global_mean_ns": 69400.0,
        "pooled_sample_count": 10,
        "aggregation_method": "pooled_iterations"
      }
    },
    {
      "scenario": "error_propagation",
      "data_size": null,
      "status": "PASS",
      "raw_iterations_ns": [
        137100.0,
        70900.0,
        54200.0,
        53000.0,
        49500.0,
        49500.0,
        50900.0,
        52300.0,
        50400.0,
        49400.0
      ],
      "phases": {
        "total": {
          "mean_ns": 51150.0,
          "median_ns": 50650.0,
          "p95_ns": 54200.0,
          "p99_ns": 54200.0,
          "stddev_ns": 1702.2044530549201,
          "ci95_ns": [
            49970.43249451335,
            52329.56750548665
          ]
        }
      },
      "repeat_analysis": {
        "repeat_count": 1,
        "repeat_means_ns": [
          51150.0
        ],
        "global_mean_ns": 51150.0,
        "pooled_sample_count": 10,
        "aggregation_method": "pooled_iterations"
      }
    },
    {
      "scenario": "object_method",
      "data_size": null,
      "status": "PASS",
      "raw_iterations_ns": [
        186600.0,
        113000.0,
        105900.0,
        334500.0,
        392500.0,
        175400.0,
        116700.0,
        108100.0,
        214000.0,
        93400.0
      ],
      "phases": {
        "total": {
          "mean_ns": 160844.44444444444,
          "median_ns": 116700.0,
          "p95_ns": 334500.0,
          "p99_ns": 334500.0,
          "stddev_ns": 73366.97881367961,
          "ci95_ns": [
            112911.3516195071,
            208777.53726938178
          ]
        }
      },
      "repeat_analysis": {
        "repeat_count": 1,
        "repeat_means_ns": [
          160844.44444444444
        ],
        "global_mean_ns": 160844.44444444444,
        "pooled_sample_count": 10,
        "aggregation_method": "pooled_iterations"
      }
    },
    {
      "scenario": "primitive_echo",
      "data_size": null,
      "status": "PASS",
      "raw_iterations_ns": [
        90900.0,
        55000.0,
        50600.0,
        47100.0,
        45200.0,
        44100.0,
        45500.0,
        46100.0,
        42900.0,
        42900.0
      ],
      "phases": {
        "total": {
          "mean_ns": 46600.0,
          "median_ns": 45500.0,
          "p95_ns": 55000.0,
          "p99_ns": 55000.0,
          "stddev_ns": 3709.7469215867304,
          "ci95_ns": [
            44176.29867789667,
            49023.70132210333
          ]
        }
      },
      "repeat_analysis": {
        "repeat_count": 1,
        "repeat_means_ns": [
          46600.0
        ],
        "global_mean_ns": 46600.0,
        "pooled_sample_count": 10,
        "aggregation_method": "pooled_iterations"
      }
    },
    {
      "scenario": "string_echo",
      "data_size": null,
      "status": "PASS",