{
  "metadata": {
    "host": "go",
    "guest": "python3",
    "mechanism": "grpc",
    "timestamp": "2026-02-13T07:03:49Z",
    "environment": {
      "os": "windows",
      "arch": "amd64",
      "go_version": "go1.24.4"
    },
    "config": {
      "warmup_iterations": 1,
      "measured_iterations": 10,
      "batch_min_elapsed_ns": 10000,
      "batch_max_calls": 100000,
      "timer_overhead_ns": 0
    }
  },
  "correctness": null,
  "initialization": {
    "server_start_ns": 183571000,
    "connect_ns": 65155900
  },
  "benchmarks": [
    {
      "scenario": "void_call",
      "data_size": null,
      "status": "PASS",
      "raw_iterations_ns": [
        517200,
        521800,
        257800,
        259750,
        258900,
        260900,
        527900,
        519900,
        259000,
        257550
      ],
      "phases": {
        "total": {
          "mean_ns": 364070,
          "median_ns": 260325,
          "p95_ns": 527900,
          "p99_ns": 527900,
          "stddev_ns": 128731.41652292963,
          "ci95_ns": [
            284281.44140407094,
            443858.55859592906
          ]
        }
      }
    },
    {
      "scenario": "primitive_echo",
      "data_size": null,
      "status": "PASS",
      "raw_iterations_ns": [
        283150,
        533200,
        530700,
        533000,
        540200,
        254850,
        258950,
        261350,
        513800,
        260200
      ],
      "phases": {
        "total": {
          "mean_ns": 396940,
          "median_ns": 398475,
          "p95_ns": 540200,
          "p99_ns": 540200,
          "stddev_ns": 133570.94893725956,
          "ci95_ns": [
            314151.8681371297,
            479728.1318628703
          ]
        }
      }
    },
    {
      "scenario": "string_echo",
      "data_size": null,
      "status": "PASS",
      "raw_iterations_ns": [
        259000,
        528200,
        260350,
        258200,
        259400,
        257700,
        258900,
        256000,
        173100,
        259350
      ],
      "phases": {
        "total": {
          "mean_ns": 258612.5,
          "median_ns": 258950,
          "p95_ns": 260350,
          "p99_ns": 260350,
          "stddev_ns": 1237.1211541316395,
          "ci95_ns": [
            257755.2187779089,
            259469.7812220911
          ]
        }
      }
    },
    {
      "scenario": "array_sum",
      "data_size": 10,
      "status": "PASS",
      "raw_iterations_ns": [
        647600,
        256550,
        217633,
        264700,
        194800,
        259300,
        177200,
        187933,
        346200,
        263150
      ],
      "phases": {
        "total": {
          "mean_ns": 240829.55555555556,
          "median_ns": 256550,
          "p95_ns": 346200,
          "p99_ns": 346200,
          "stddev_ns": 49735.731305261164,
          "ci95_ns": [
            208335.54443611827,
            273323.56667499285
          ]
        }
      }
    },
    {
      "scenario": "array_sum",
      "data_size": 100,
      "status": "PASS",
      "raw_iterations_ns": [
        591900,
        328500,
        298200,
        304600,
        253900,
        258150,
        273500,
        293800,
        342950,
        282000
      ],
      "phases": {
        "total": {
          "mean_ns": 292844.44444444444,
          "median_ns": 293800,
          "p95_ns": 342950,
          "p99_ns": 342950,
          "stddev_ns": 28209.252269073826,
          "ci95_ns": [
            274414.3996286495,
            311274.48926023935
          ]
        }
      }
    },
    {
      "scenario": "array_sum",
      "data_size": 1000,
      "status": "PASS",
      "raw_iterations_ns": [
        259700,
        516500,
        260550,
        259300,
        513500,
        259300,
        259150,
        259000,
        258500,
        258550
      ],
      "phases": {
        "total": {
          "mean_ns": 259256.25,
          "median_ns": 259225,
          "p95_ns": 260550,
          "p99_ns": 260550,
          "stddev_ns": 614.6327663735476,
          "ci95_ns": [
            258830.33122289865,
            259682.16877710135
          ]
        }
      }
    },
    {
      "scenario": "array_sum",
      "data_size": 10000,
      "status": "PASS",
      "raw_iterations_ns": [
        573700,
        558900,
        540600,
        1754900,
        1292900,
        1614600,
        1058300,
        539900,
        553500,
        521100
      ],
      "phases": {
        "total": {
          "mean_ns": 900840,
          "median_ns": 566300,
          "p95_ns": 1754900,
          "p99_ns": 1754900,
          "stddev_ns": 465426.4865690392,
          "ci95_ns": [
            612365.6749381255,
            1189314.3250618745
          ]
        }
      }
    },
    {
      "scenario": "object_method",
      "data_size": null,
      "status": "PASS",
      "raw_iterations_ns": [
        536700,
        321800,
        273750,
        317300,
        298050,
        274750,
        305400,
        390300,
        385750,
        322800
      ],
      "phases": {
        "total": {
          "mean_ns": 321100,
          "median_ns": 317300,
          "p95_ns": 390300,
          "p99_ns": 390300,
          "stddev_ns": 39657.16973147619,
          "ci95_ns": [
            295190.6491087689,
            347009.3508912311
          ]
        }
      }
    },
    {
      "scenario": "callback",
      "data_size": null,
      "status": "PASS",
      "raw_iterations_ns": [
        895100,
        503500,
        565700,
        689900,
        524400,
        562800,
        571600,
        523700,
        258400,
        521700
      ],
      "phases": {
        "total": {
          "mean_ns": 539057.1428571428,
          "median_ns": 524400,
          "p95_ns": 571600,
          "p99_ns": 571600,
          "stddev_ns": 24925.194204307594,
          "ci95_ns": [
            520592.30058865866,
            557521.985125627
          ]
        }
      }
    },
    {
      "scenario": "error_propagation",
      "data_size": null,
      "status": "PASS",
      "raw_iterations_ns": [
        508100,
        306000,
        300450,
        286450,
        267350,
        269500,
        259500,
        327200,
        185100,
        258400
      ],
      "phases": {
        "total": {
          "mean_ns": 284356.25,
          "median_ns": 277975,
          "p95_ns": 327200,
          "p99_ns": 327200,
          "stddev_ns": 23369.082640050292,
          "ci95_ns": [
            268162.3019312094,
            300550.1980687906
          ]
        }
      }
    }
  ]
}